{
  "accuracy": [
    0.33247384428977966,
    0.46397364139556885,
    0.5427589416503906,
    0.5853029489517212,
    0.6206847429275513,
    0.641455352306366,
    0.6602206230163574,
    0.690159022808075,
    0.6892995238304138,
    0.7037673592567444,
    0.7082079648971558,
    0.7261137366294861,
    0.7269732356071472,
    0.7427302598953247,
    0.746454656124115,
    0.7569116353988647,
    0.7665091156959534,
    0.7680848240852356,
    0.7683712840080261,
    0.8116315603256226,
    0.8197965621948242,
    0.8275318741798401,
    0.8286778330802917,
    0.8315427303314209,
    0.8305400609970093,
    0.8335481882095337,
    0.8448646068572998,
    0.8421429395675659,
    0.8644893169403076,
    0.8470132946968079,
    0.8547486066818237,
    0.8823950886726379,
    0.8862627148628235,
    0.8957169651985168,
    0.8856897354125977,
    0.8948574662208557,
    0.8882681727409363,
    0.8902735710144043,
    0.9038819670677185,
    0.8981521129608154,
    0.9124767184257507,
    0.9225039482116699,
    0.9167740941047668,
    0.9235066771507263,
    0.9193525314331055,
    0.9262283444404602,
    0.9239364266395569,
    0.9325311779975891,
    0.9346798658370972,
    0.9348230957984924,
    0.9296662211418152,
    0.9371150135993958
  ],
  "loss": [
    2.4584107398986816,
    2.0003206729888916,
    1.7647101879119873,
    1.602768063545227,
    1.485629677772522,
    1.3661689758300781,
    1.3183003664016724,
    1.229990839958191,
    1.2152185440063477,
    1.1694170236587524,
    1.1526168584823608,
    1.110206127166748,
    1.1070729494094849,
    1.0698028802871704,
    1.0561176538467407,
    1.0325400829315186,
    1.0191096067428589,
    1.0115069150924683,
    0.997446596622467,
    0.8903604745864868,
    0.836944043636322,
    0.7996328473091125,
    0.7961611747741699,
    0.7888044118881226,
    0.7753965854644775,
    0.7544575929641724,
    0.7307625412940979,
    0.7355619072914124,
    0.6844915747642517,
    0.7232903838157654,
    0.6888643503189087,
    0.6178561449050903,
    0.5962732434272766,
    0.564815878868103,
    0.5772055983543396,
    0.5525032877922058,
    0.5666503310203552,
    0.5487217903137207,
    0.5284691452980042,
    0.5279756188392639,
    0.4885246157646179,
    0.46153831481933594,
    0.46222931146621704,
    0.4446774423122406,
    0.44905218482017517,
    0.44115927815437317,
    0.4310712218284607,
    0.4096505641937256,
    0.4032971262931824,
    0.4012024402618408,
    0.4086948037147522,
    0.39379042387008667
  ],
  "val_accuracy": [
    0.10000000149011612,
    0.218666672706604,
    0.41999998688697815,
    0.3186666667461395,
    0.3866666555404663,
    0.22066666185855865,
    0.10466666519641876,
    0.2173333317041397,
    0.5139999985694885,
    0.45133334398269653,
    0.23266667127609253,
    0.2666666805744171,
    0.3853333294391632,
    0.5926666855812073,
    0.3659999966621399,
    0.3173333406448364,
    0.48533332347869873,
    0.2926666736602783,
    0.4793333411216736,
    0.5019999742507935,
    0.628000020980835,
    0.5059999823570251,
    0.6046666502952576,
    0.5986666679382324,
    0.5913333296775818,
    0.6333333253860474,
    0.6606666445732117,
    0.550000011920929,
    0.41600000858306885,
    0.6620000004768372,
    0.47999998927116394,
    0.6426666378974915,
    0.7273333072662354,
    0.6946666836738586,
    0.7333333492279053,
    0.6946666836738586,
    0.7473333477973938,
    0.7319999933242798,
    0.671999990940094,
    0.5733333230018616,
    0.7099999785423279,
    0.7973333597183228,
    0.7699999809265137,
    0.7433333396911621,
    0.7453333139419556,
    0.7226666808128357,
    0.7940000295639038,
    0.734000027179718,
    0.7606666684150696,
    0.7160000205039978,
    0.7786666750907898,
    0.7566666603088379
  ],
  "val_loss": [
    5.734505653381348,
    3.995974063873291,
    2.510845184326172,
    3.203490972518921,
    2.2082509994506836,
    6.0461530685424805,
    6.419442176818848,
    4.8297624588012695,
    1.9036120176315308,
    2.313518524169922,
    5.428656578063965,
    6.184753894805908,
    2.982825756072998,
    1.7820799350738525,
    4.368587017059326,
    3.418135643005371,
    1.8804147243499756,
    4.190298080444336,
    2.1509101390838623,
    1.9809001684188843,
    1.3805639743804932,
    2.312824010848999,
    2.0594751834869385,
    1.7068299055099487,
    2.0461552143096924,
    1.3236944675445557,
    1.4645112752914429,
    2.116417407989502,
    3.531879186630249,
    1.4881882667541504,
    2.3277862071990967,
    1.7710678577423096,
    1.3139313459396362,
    1.3883867263793945,
    1.1449496746063232,
    1.3736834526062012,
    1.2327982187271118,
    1.3442089557647705,
    1.4810720682144165,
    2.3850762844085693,
    1.3328627347946167,
    0.9076781272888184,
    1.046840786933899,
    1.2620831727981567,
    1.2242485284805298,
    1.3106319904327393,
    0.913872241973877,
    1.218342900276184,
    1.1904555559158325,
    1.5164936780929565,
    1.0994096994400024,
    1.2105804681777954
  ],
  "learning_rate": [
    0.0010000000474974513,
    0.0010000000474974513,
    0.0010000000474974513,
    0.0010000000474974513,
    0.0010000000474974513,
    0.0010000000474974513,
    0.0010000000474974513,
    0.0010000000474974513,
    0.0010000000474974513,
    0.0010000000474974513,
    0.0010000000474974513,
    0.0010000000474974513,
    0.0010000000474974513,
    0.0010000000474974513,
    0.0010000000474974513,
    0.0010000000474974513,
    0.0010000000474974513,
    0.0010000000474974513,
    0.0010000000474974513,
    0.0005000000237487257,
    0.0005000000237487257,
    0.0005000000237487257,
    0.0005000000237487257,
    0.0005000000237487257,
    0.0005000000237487257,
    0.0005000000237487257,
    0.0005000000237487257,
    0.0005000000237487257,
    0.0005000000237487257,
    0.0005000000237487257,
    0.0005000000237487257,
    0.0002500000118743628,
    0.0002500000118743628,
    0.0002500000118743628,
    0.0002500000118743628,
    0.0002500000118743628,
    0.0002500000118743628,
    0.0002500000118743628,
    0.0002500000118743628,
    0.0002500000118743628,
    0.0001250000059371814,
    0.0001250000059371814,
    0.0001250000059371814,
    0.0001250000059371814,
    0.0001250000059371814,
    0.0001250000059371814,
    0.0001250000059371814,
    6.25000029685907e-05,
    6.25000029685907e-05,
    6.25000029685907e-05,
    6.25000029685907e-05,
    6.25000029685907e-05
  ]
}