{
  "40": {
    "SVM": 0.7,
    "Random Forest": 0.6733333333333333,
    "CNN": 0.7866666666666666
  },
  "30": {
    "SVM": 0.6,
    "Random Forest": 0.5666666666666667,
    "CNN": 0.64
  },
  "20": {
    "SVM": 0.4,
    "Random Forest": 0.3933333333333333,
    "CNN": 0.52
  },
  "10": {
    "SVM": 0.25333333333333335,
    "Random Forest": 0.28,
    "CNN": 0.3933333333333333
  },
  "5": {
    "SVM": 0.20666666666666667,
    "Random Forest": 0.24,
    "CNN": 0.32
  }
}